搜救,甄子丹&韩雪&贾冰&唐旭&侯天来&徐光宇&蔡心&林辰涵&胡明,寒冬季节，一组深圳游客家庭自驾进入东北长白山旅行，原本是其乐融融的旅行，却因父亲阿德的过失导致8岁的儿子不幸走失。阿德夫妇向当地相关部门寻求援助，搜救行动即刻展开。黄金救援时间24小时过去了，常规安全极限48小时也过去了，孩子却仍未找到。即使希望渺茫，搜救警察及雪域搜救队依然不离不弃&hellip; 生命的奇迹会出现吗？,magnet:?xt=urn:btih:e0b3da00b0f7d91c444855277a62e1dfe42f9550&dn=[电影天堂www.dytt89.com]搜救-2022_HD国语中英双字.mp4&tr=http://t.t789.me:2710/announce&tr=http://t.t789.co:2710/announce&tr=http://t.t789.vip:2710/announce
Ambulance,杰克_吉伦哈尔&叶海亚_阿卜杜勒-迈丁&艾莎_冈萨雷斯&加瑞特_迪拉胡特&基尔_奥唐纳&杰克逊_怀特&奥利维亚_斯坦布利亚&摩西_英格拉姆&科林_伍德尔&塞德里克_桑德斯&A_马丁内斯&杰西_加西亚&何塞_巴勃罗_坎蒂略&威尔&德文_隆恩&维克多_高佳卡&杰米_麦克布莱德&珍_普罗斯克&凯利_陈&布兰登_罗宾逊&安娜贝勒_格维奇&刘慈慈&切尔西哈里斯&安迪_费儒&艾恩,本片翻拍自2005年同名丹麦电影，功勋退伍士兵威尔&middot;夏普（叶海亚&middot;阿卜杜勒-迈丁 饰）为救妻子情急之下找到养兄弟丹尼（杰克&middot;吉伦哈尔 饰）求助，却因此被卷入洛杉矶史上最大金额银行抢劫案。在脱身中出现的致命差池，迫使二人挟持了一辆载有一名垂危警察和一位顶尖急救专家卡姆&middot;汤普森（艾莎&middot;冈萨雷斯 饰）的救护车。在这场持久的高速追逐中，威尔和丹尼极力躲避全城警察的大规模搜捕、保证人质的生命安全、努力不对兄弟拔刀相向，同时完成这场洛杉矶有史以来最疯狂且惊险刺激的逃脱。,magnet:?xt=urn:btih:3ee4b5755bbf842ed4fdc66f4ec3a8cf5dba6efe&dn=[电影天堂www.dytt89.com]亡命救护车-2022_蓝光中英双字.mp4&tr=http://t.t789.me:2710/announce&tr=http://t.t789.co:2710/announce&tr=http://t.t789.vip:2710/announce
新神榜：杨戬,王凯&季冠霖&李立宏&李兰陵&赵毅&刘校妤&文靖渊&汤水雨&星潮&邱秋&杨天翔&孟宇&杨默&赵铭洲&李楠&林强&刘琮&锦鲤&沈良骏&赵霁&胡亚捷&韩乐,商周之战一千五百年后，天界衰落，蒙冤落魄的杨戬以赏银捕手为业谋生。一日，杨戬接受了一位神秘访客的赏银去追捕一位少年，意外发现少年竟是自己的亲外甥沉香。沉香立志要寻回宝莲灯，劈山救母，却将酿成大祸。杨戬踏上追寻沉香并揭开尘封往事的旅程,magnet:?xt=urn:btih:ad6541b31d169b925f97df2b7d6bcd3c3f1ad012&dn=[电影天堂www.dytt89.com]新神榜：杨戬-2022_HD国语中字.mp4&tr=http://t.t789.me:2710/announce&tr=http://t.t789.co:2710/announce&tr=http://t.t789.vip:2710/announce
Top Gun: Maverick,汤姆_克鲁斯&詹妮弗_康纳利&迈尔斯_特勒&乔恩_哈姆&方_基默&莫妮卡.巴巴罗&珍_路易莎_凯利&曼尼_贾希尼托&罗伯塔_斯巴达&艾德_哈里斯&格伦_鲍威尔&刘易斯_普尔曼&雷蒙德_李&莉莲安娜_雷伊&杰_埃利斯&杰克_皮克金&蕾切尔_马卡里兰&巴希尔_萨拉赫丁&彼得_马克_肯德尔&查尔斯_帕内尔&切尔西哈里斯&丹尼_拉米雷斯&王仲欣&南希_德马尔斯&康妮_夏普&塞尔吉奥_布里奥内斯&佩内洛普_卡普迪雅&马克_安东尼_考克斯&莫宾_汗,作为海军顶尖飞行员服役30多年后，皮特&middot;米切尔（代号：&ldquo;独行侠&rdquo;）（汤姆&middot;克鲁斯 饰演）决定打破体制的限制，成为一名试飞员接受更大的挑战。当他接到命令，为一项高难度特殊任务训练一群&ldquo;高空利剑&rdquo;项目的毕业生时，他遇到了已故的好友兼雷达截获官，代号&ldquo;笨鹅&rdquo;的尼克&middot;布拉德肖中尉之子布莱德利&middot;布拉德肖中尉（代号：&ldquo;公鸡&rdquo;）。,magnet:?xt=urn:btih:52227ca90c4be4ac9fbf2a34a905936aadb76e06&dn=[电影天堂www.dytt89.com]壮志凌云2：独行侠-2022_蓝光中英双字精校版.mp4&tr=http://t.t789.me:2710/announce&tr=http://t.t789.co:2710/announce&tr=http://t.t789.vip:2710/announce
シン&#12539;ウルトラマン,斋藤工&长泽雅美&西岛秀俊&有冈大贵&早见明里&田中哲司&山本耕史&岩松了&岛田久作&益冈彻&长塚圭史&山崎一&和田聪宏,《新&middot;奥特曼》是圆谷株式会社、东宝株式会社、Khara联合制作，东宝株式会社发行的电影。该片由庵野秀明制片、编剧，樋口真嗣担任总导演和特技导演，斋藤工、长泽雅美、西岛秀俊主演，于2022年5月13日在日本上映。该片以现代社会为舞台，以能够体验存在&ldquo;至今为止谁也没有见过的奥特曼&rdquo;的世界为目标。,magnet:?xt=urn:btih:c27fc2a363897d7b713fc7cf068846d261be3623&dn=[电影天堂www.dytt89.com]新·奥特曼-2022_HD日语中字.mp4&tr=http://t.t789.me:2710/announce&tr=http://t.t789.co:2710/announce&tr=http://t.t789.vip:2710/announce
雄狮少年,大昕&大雄&郭皓&李盟&李佳思&蔡壮壮&马语非&熊陈捷&巴赫&大澄子&付博文&秋木,本片讲述了留守少年阿娟和好友阿猫、阿狗在退役狮王咸鱼强的培训下参加舞狮比赛，经过重重磨砺，从病猫变成雄狮的成长故事。,magnet:?xt=urn:btih:c90a9555ac19c36bb3ff34df62e3c470ad64e20f&dn=[电影天堂www.dytt89.com]雄狮少年-2021_蓝光国粤双语中字.mp4&tr=http://t.t789.me:2710/announce&tr=http://t.t789.co:2710/announce&tr=http://t.t789.vip:2710/announce
Lightyear,克里斯_埃文斯&柯柯_帕尔莫&彼得_孙&塔伊加_维迪提&戴尔_索尔斯&詹姆斯_布洛林&乌佐_阿杜巴&玛丽_麦克唐纳-刘易斯&小伊塞亚_维特洛克&安格斯_麦克莱恩&比尔_哈德尔&艾弗连_莱米雷斯&Keira Hairston,皮克斯打造《玩具总动员》系列衍生动画电影《光年正传》，美队Chris Evans配音。讲述巴斯光年人类原型宇航员的起源故事，他从一个年轻的试飞员，变为大家熟知的太空游侠。,magnet:?xt=urn:btih:5fbeb8ea503ea40e5ffc00ae6cf7184218eab66b&dn=[电影天堂www.dytt89.com]光年正传-2022_蓝光国粤英3语双字.mp4&tr=http://t.t789.me:2710/announce&tr=http://t.t789.co:2710/announce&tr=http://t.t789.vip:2710/announce
外太空的莫扎特,黄渤&荣梓杉&姚晨&范伟&黄杨钿甜&王一鸣&黄星羱&方洲&陈思诚&贾冰&许君聪&于洋&梅婷&萧李臻瑱&于波&桑平&黄觉&范湉湉&郎朗&易小星&王宁&周楚濋&陈昊&李明轩&尹君正&杨金赐&杨德民&钱重远&王以纶&张羽&杨璞,任大望（黄渤 饰）一心想把喜好天文的儿子任小天（荣梓杉 饰）培养成钢琴演奏家，为此父子争吵不断。一天，神秘外星人莫扎特意外出现，从此，莫扎特帮助任小天开启了和爸爸&ldquo;斗智斗勇&rdquo;的生活。令任小天没有想到的是，莫扎特来到地球竟另有任务,magnet:?xt=urn:btih:0899d0df8230de1d4d5e5ff0c7c985823cecdcef&dn=[电影天堂www.dytt89.com]外太空的莫扎特-2022_HD国语中字.mp4&tr=http://t.t789.me:2710/announce&tr=http://t.t789.co:2710/announce&tr=http://t.t789.vip:2710/announce
Prey,安伯_明迪桑德&戴恩_迪利格罗&斯蒂芬_马蒂亚斯&斯托米_基普&达寇塔_比弗,故事设定围绕铁血战士和科曼奇族（北美印第安人的一支），女性角色担任主角，讲述300年前铁血战士来到地球和科曼奇民族对抗的故事。,magnet:?xt=urn:btih:f8f5333a4570cbcd126f442341b0c9cf5652e24b&dn=[电影天堂www.dytt89.com]铁血战士：猎物-2022_BD中英双字.mp4&tr=http://t.t789.me:2710/announce&tr=http://t.t789.co:2710/announce&tr=http://t.t789.vip:2710/announce
Godzilla vs Kong,亚历山大_斯卡斯加德&米莉_波比_布朗&丽贝卡_豪尔&凯莉_霍特尔&布莱恩_泰里_亨利&小栗旬&艾莎_冈萨雷斯&朱利安_迪尼森&兰斯_莱迪克&凯尔_钱德勒&德米安_比齐尔&哈基姆_凯-卡西姆&钱信伊&约翰_皮鲁切洛&克里斯_乔克&康兰_卡萨尔&布拉德_麦克默里&本杰明_里格比&普里西拉_道伊西&戴维_卡斯蒂洛&吉姆_帕尔默&柯蒂斯_布什&皮拉_福德&爱丽丝_兰斯伯里&肖恩_麦克布莱德&乔尔_皮尔斯&乔恩_奎斯蒂德&塔斯尼姆_罗克&艾梅伯_瓦尔斯&迪索_拉莫斯,这两位宛如神衹一般强大的对手于一场壮观的战争中相遇，彼时世界命运正悬于一线。为了找到真正的家园，金刚与他的保护者们踏上了一次艰难的旅程。与他们一道前行的还有一个年轻的孤儿女孩&mdash;&mdash;吉雅，这个女孩与金刚之间存在着一种独特而强大的紧密联系。但意想不到的是，他们在前行的航道上与愤怒的哥斯拉狭路相逢，也由此在全球引起了一系列破坏。一股无形的力量造成了这两只巨兽之间的巨大冲突，深藏在地心深处的奥秘也由此揭开。,magnet:?xt=urn:btih:b53c032823071d69f3c50ea6266ebc47bcc049b4&dn=[电影天堂www.dytt89.com]哥斯拉大战金刚-2021_蓝光国英双语双字.mp4&tr=http://t.t789.me:2710/announce&tr=http://t.t789.co:2710/announce&tr=http://t.t789.vip:2710/announce
Peter Rabbit 2: The Runaway,詹姆斯_柯登&罗丝_伯恩&多姆纳尔_格里森&大卫_奥伊罗&玛格特_罗比&伊丽莎白_德比茨基&达蒙_海瑞曼&塔拉_莫里斯&达利普_索地&安迪_加什古德&尼克_欧文福特&戴维娜_西塔拉姆&基根_乔伊斯&Megan Smart&Neveen Hanna&Taylor Ferguson&Kevin MacIsaac,为了追求自己的&ldquo;兔&rdquo;生意义，年少轻狂的比得（詹姆斯&middot;柯登 James Corden 配音）踏上了背井离乡的路并成功赢得老江湖巴拿巴的青睐、成为了团伙中的扛把子，怎料却将追随而来的昔日老友们推入死亡陷阱。 幡然醒悟后，比得化身&ldquo;兔界阿汤哥&rdquo;带领同伴展开海陆空三栖大营救。高空跳伞、水下救援、雪山速滑、快艇追击，无所不能。在这场冒险旅途中，比得收获了友情，理解了亲情，最终实现了自我成长，成为真正的&ldquo;兔一哥&rdquo;。,magnet:?xt=urn:btih:45c370f0e511624c317dd8ddeec59786e3fbb2be&dn=[电影天堂www.dytt89.com]比得兔2：逃跑计划-2021_蓝光国粤英3语双字.mp4&tr=http://t.t789.me:2710/announce&tr=http://t.t789.co:2710/announce&tr=http://t.t789.vip:2710/announce
Ron&#39;s Gone Wrong,杰克_迪伦_格雷泽&扎克_加利凡纳基斯&艾德_赫尔姆斯&奥利维娅_科尔曼&罗伯_德兰尼&贾斯蒂斯_史密斯&凯莉_坎特罗尔&里卡多_乌尔塔多&卡伦_麦卡锡&艾娃_摩士&马库斯_斯克里布纳&托马斯_巴布萨卡&Sarah Miller&宾利_卡鲁&Krupa Pattani&约翰_麦克米兰&梅根_马克兹柯&卢比_瓦克斯&大卫_曼金&利亚姆_佩恩&弗卢拉_博格&大卫_布伦斯&优素福_凯尔科尔&菲尔_拉马&伊恩_麦基&安德烈_鲁滨孙&杰登_桑德&Adam Tandy&薇薇安_叶&朱利安_赞恩&Tenley Molzahn,巴尼是一个有着社交障碍的中学生。罗恩，则是他全新的行走、交流、数字连接的设备。罗恩是巴尼&ldquo;开箱即用的最好朋友&rdquo;。在社交媒体的背景下，罗恩的搞笑故障，将他们带入了一场动感十足的旅程，男孩和机器人在这段旅程中接受了真实友谊的美妙和混乱。,magnet:?xt=urn:btih:a0b5d3b3c14fcb852ddf670db4e5b585a2834f0a&dn=[电影天堂www.dytt89.com]天赐灵机-2021_蓝光国英双语中字.mp4&tr=http://t.t789.me:2710/announce&tr=http://t.t789.co:2710/announce&tr=http://t.t789.vip:2710/announce
Minions: The Rise of Gru,史蒂夫_卡瑞尔&皮埃尔_柯芬&艾伦_阿金&塔拉吉_P_汉森&杨紫琼&朱莉_安德鲁斯&拉塞尔_布兰德&尚格_云顿&杜夫_龙格尔&丹尼_特雷霍&露西_劳莱丝&欧阳万成&凯文_迈克尔_理查德森&约翰_迪_马吉欧&罗伯特_菲茨杰拉德_迪格斯&迈克尔_贝亚蒂&威尔_阿奈特&史蒂夫_库根&克莱特_惠特克&雷蒙德_S_佩尔西&凯尔_巴尔达&鲍伯_伯根&比务_比林格斯勒拉&大卫_陈&梅里_康德伦&安东尼奥_劳尔_科尔波&黛比_德里贝里&斯嘉丽_艾斯特维兹&杰克_格林&雷蒙_汉密尔顿&亚伦_亨德利&山姆_拉瓦尼诺&达恩_刘易斯&阿玛丽_麦考伊&内芙_沙雷尔&詹姆士_谢&明迪_斯特林&弗雷德_塔特西奥&雷吉纳_托芬&黛布拉_威尔逊&托尼_安塞尔莫,这部新片将是2015年推出的小黄人独立电影《小黄人大眼萌》的直接续集。它作为《神偷奶爸》的衍生作品，讲述了小黄人们在&ldquo;前格鲁&rdquo;时代为其他主人服务的经历，不过少年格鲁曾经出现在这部衍生电影里，续集将围绕他与小黄人们结缘的过程展开剧情。,magnet:?xt=urn:btih:a2f59ce642a69536bd89834bca88cbe81c6241c4&dn=[电影天堂www.dytt89.com]小黄人大眼萌：神偷奶爸前传-2022_BD中英双字.mp4&tr=http://t.t789.me:2710/announce&tr=http://t.t789.co:2710/announce&tr=http://t.t789.vip:2710/announce
Sonic the Hedgehog 2,詹姆斯_麦斯登&金_凯瑞&本_施瓦茨&提卡_森普特&伊德里斯_艾尔巴&娜塔莎_罗斯韦尔&亚当_佩里&谢默_摩尔&李_马贾道布&科琳_欧肖内希&梅洛德_诺西普_尼曼&汤姆_巴特勒&布拉德_卡利利莫库&杰夫_桑卡&伊丽莎白_鲍恩&多恩_列夫&里斯_威廉姆斯&西蒙_钱&弗雷泽_科比特&奎因_厄利&马库斯_奥雷里奥&尼托_拉里奥萨&迈克_鲁菲诺,索尼克在绿丘镇安顿下来之后，就急着要证明自己有能力成为一名真正的英雄。当蛋头博士带着全新的搭档纳克鲁斯，又回来寻找一块力量强大足以毁灭人类文明的翡翠的时候，他就面对了另一个严峻的考验。这次索尼克和他自己的跟班塔尔斯携手合作，一起踏上一场环游世界的冒险旅程，希望能在那块翡翠落入坏人手中之前先找到它。,magnet:?xt=urn:btih:fed352ee222f76a393d21d303cc88f9b85f472cc&dn=[电影天堂www.dytt89.com]刺猬索尼克2-2022_蓝光国英双语中字.mp4&tr=http://t.t789.me:2710/announce&tr=http://t.t789.co:2710/announce&tr=http://t.t789.vip:2710/announce
你是我的春天,周冬雨&尹昉&宋小宝&潘斌龙&王景春&赵今麦&黄超&杨斯&黄晓明&宋佳&张航诚&郑罗茜&曾梦雪&付妤舒&李乃文&吴彦姝&赵亮,倔强的人为了爱人奔走在空城，讨血汗钱的农民工巧合下驰援武汉，抗疫前线的人们除了顶着高压还要学会告别，后方阵地的社区工作者照顾居民却把风险留给了自己，平时疏于交流的父子也被迫日夜相处。总有一些措手不及的事情发生，但也总有一颗治愈的种子在人们心中生根发芽，这是一部关于春天和希望的电影。,magnet:?xt=urn:btih:4521e2600bba2c87b145c5d9266a2a0338088436&dn=[电影天堂www.dytt89.com]你是我的春天-2022_HD国语中字.mp4&tr=http://t.t789.me:2710/announce&tr=http://t.t789.co:2710/announce&tr=http://t.t789.vip:2710/announce
