企业公司品牌LOGO设计图文原创标志商标门头字体图标平面设计,1000,匠派品牌,55300笔,北京
原创LOGO设计图文字体英文公司标志图标VI企业品牌商标设计,268,易象品牌,2752笔,北京
设计图文字体英文原创公司标志图标VI企业品牌商标设计,300,匠二设计,30996笔,北京
【11年老店】LOGO设计平面品牌全案公司标志字体图文商标,299,变革品牌设计,45510笔,北京
商标设计LOGO标志公司图文企业餐饮卡通LOGO设计可注册,798,狮动策划设计,9936笔,北京
【睛灵品牌】总监操刀品牌商标字体企业餐饮公司标志LOGO设计,188,睛灵品牌定制,289笔,北京
企业公司品牌LOGO设计图文原创标志商标门头字体图标平面设计,1000,匠派品牌,55300笔,北京
品牌LOGO设计徽章商标志公司企业英文字体图标识卡通动态店标,698,荣鹊品牌,1162笔,北京
【3套方案】公司LOGO设计标志商标图标英文字体LOGO设计,288,品物视觉设计,2962笔,北京
公司LOGO设计图文字体原创卡通vi包装平面插画商标设计,500,盒鹿传媒设计,169笔,北京
【动态LOGO】动态片头LOGO演绎动图设计LOGO动画,3000,第七区★创意动画,102笔,北京
【11年老店】LOGO设计平面品牌全案公司标志字体图文商标,299,变革品牌设计,45510笔,北京
【总监操刀】LOGO设计插画师起名图案图文可注册头像画图白,1099,威威品牌设计,10笔,北京
高端原创公司标志LOGO设计品牌策划图文结合字体卡通商标设计,286,双人品牌设计,543笔,北京
【原创】公司LOGO设计商标卡通标志字体企业品牌图文,299,旗临品牌设计,1095笔,北京
取名商标设计字体设计图标动态公司标志卡通LOGO设计,388,瑞奥森广告设计,95笔,北京
设计品牌全案取名公司标志字体企业商标原创图标平面设计,299,威威品牌设计,842笔,北京
设计LOGO商标英文公司品牌图标标志字体卡通注册查询,499,创立方文化(中国)传媒有限公司,3657笔,北京
品牌LOGO设计卡通手绘国潮包装餐饮vi插画吉祥物ip企业,750,笑口文化,236笔,北京
【不满意可退款】公司LOGO设计原创图文标志卡通形象品牌商标,299,诚力弘光品牌全案机构,978笔,北京
【大咖操刀】高端LOGO设计公司标志商标设计企业可注册品牌,2099,威威品牌设计,3笔,北京
设计图文字体英文原创公司标志图标VI企业品牌商标设计,300,匠二设计,30996笔,北京
标志LOGO设计企业品牌vi图形设计原创卡通图文设计可注册,290,柒期馨文化传媒,12笔,北京
设计餐饮企业标志字体图标公司商标LOGO设计原创定制,2980,本原文化,1105笔,北京
手绘卡通LOGO设计图文字体英文原创公司标志图标企业总监设计,499,抖动传媒（新媒体运营）旗舰店,849笔,北京
商标公司标志图标动态卡通LOGO吉祥物字体表情包LOGO设计,490,金墨文化传播有限公司,10281笔,北京
设计原创注册商标设计定制公司高端品牌字体卡通VI图标,799,孚莱科技-H5开发小程序,1笔,北京
企业LOGO设计公司标志字体卡通形象画册包装商标餐饮品牌图形,999,造物行设,6564笔,北京
优格企业LOGO设计标志设计商标图标品牌餐饮门店LOGO设计,699,优格品牌设计机构,1628笔,北京
企业餐饮品牌标志LOGO设计公司商标设计LOGO设计标识图形,799,九界品牌,2312笔,北京
设计师商标公司标志动画字体卡通平面品牌APP图标图文,298,艺点意创品牌策划有限公司,130笔,北京
公司LOGO设计原创图文文字标志商标图标卡通餐饮品牌VI设计,699,麦点品牌设计定制,4758笔,北京
设计平面设计公司标志字体图文商标设计卡通,498,顽拳创意,1337笔,北京
设计原创商标平面企业卡通图文品牌全案公司标志字体圣熙,99,圣熙品牌设计,2586笔,北京
梵尚LOGO服装服务电子百货烟酒企业品牌时尚卡通国际商标设计,1000,梵尚(北京)国际创意设计股份有限公司,0笔,北京
橙柿品牌LOGO设计字体商标志公司企业VI背景墙门头起名全案,699,橙柿品牌设计,509笔,北京
公司企业品牌标志商标LOGO设计图标字体全套视觉VI系统升级,899,谭壹视觉设计,68笔,北京
平面vi设计公司企业商标画册餐饮包装标志卡通形象品牌,399,禾鼎工业设计,193笔,北京
品牌LOGO公司LOGO设计图文字体标志商标企业形象卡通注册,498,墨家品牌传媒,10658笔,北京
【担保注册】公司LOGO设计餐饮企业品牌卡通图标VI商标设计,800,君舍文创,150笔,北京
企业标志教育图标公司中英文字体餐饮图文片卡通品牌LOGO设计,598,沃斯品牌,191笔,北京
企业餐饮品牌标志LOGO设计公司商标设计LOGO设计标识图形,400,亮马邦品牌设计,85笔,北京
商标设计品牌形象个人LOGO产品标志简约大气扁平科技,799,子午品牌创意,20笔,北京
公司企业品牌LOGO设计标志字体卡通图标商标设计vi设计光荣,1280,光荣网络光荣文创,58787笔,北京
企业标志设计标识LOGO图标设计房产品牌在线教育片头卡通餐饮,378.1,行思创意设计,101笔,北京
公司品牌卡通英文LOGO设计商标志门头字体设计平面vi设计,199,泽楷品牌全案机构,13358笔,北京
餐饮教育企业品牌卡通LOGO图文图形字体标志商标设计定制动画,878.24,匠蕴全案机构,1608笔,北京
设计原创设计公司品牌图标图文标志字体卡通形象商标设计,1000,千树设计领航店,11164笔,北京
设计品牌标志原创图标字体设计公司企业商标卡通,288,思博品牌设计,210笔,北京
企业公司品牌LOGO设计图文字体标志商标卡通图标英文VI设计,799,锐朗设计™,117笔,北京
原创企业公司品牌商标LOGO设计卡通餐饮LOGOVI包装设计,288,文创品牌策划设计有限公司,1566笔,北京
企业教育品牌公司商标LOGO设计卡通餐饮LOGOVI包装设计,488,闪电品牌全案策划旗舰店,875笔,北京
公司品牌企业餐饮字体英文原创卡通LOGO设计商标设计标志设计,398,争流品牌策划,440笔,北京
设计品牌餐饮LOGO设计企业建筑公司LOGO商标设计,495,兄弟品牌设计,143笔,北京
商标设计公司LOGO字体设计标志LOGO互联网LOGO设计,398,创云品牌设计,69笔,北京
设计标志商标公司企业品牌标志图标图文字体卡通图形英文,498,睿辰创意设计,1551笔,北京
设计原创商标公司企业品牌图标标志字体动态卡通英文餐饮,499,亦北品牌设计,2108笔,北京
公司商标标志品牌网站图标设计手机微信小程序icon,998,轻妙视觉,170笔,北京
设计师商标公司标志动画字体卡通平面品牌APP图标图文,298,艺点意创品牌策划有限公司,130笔,北京
【担保注册】公司LOGO设计餐饮企业品牌卡通图标VI商标设计,800,君舍文创,150笔,北京
设计图文字体英文原创公司标志图标VI企业品牌商标设计,300,匠二设计,30996笔,北京
【11年老店】LOGO设计平面品牌全案公司标志字体图文商标,299,变革品牌设计,45510笔,北京
企业餐饮品牌标志LOGO设计公司商标设计LOGO设计标识图形,799,九界品牌,2312笔,北京
匠派品牌总监LOGO设计原创图文字体公司企业商标LOGO设计,2000,匠派品牌,157笔,北京
【睛灵品牌】总监操刀品牌商标字体企业餐饮公司标志LOGO设计,188,睛灵品牌定制,289笔,北京
个性国际化APP图标设计UI图形图像图文抽象LOGO设计品牌,480,杉林创投,0笔,北京
公司企业LOGO设计标志商标图标卡通设计食品酒店餐饮,598,胜已★新视觉策划机构,15笔,北京
企业LOGO设计公司标志字体卡通形象画册包装商标餐饮品牌图形,999,造物行设,6564笔,北京
公司品牌企业餐饮字体英文原创卡通LOGO设计商标设计标志设计,398,争流品牌策划,440笔,北京
设计原创企业标志卡通插画LOGO平面公司品牌商标设计,699,SEA山海品牌设计,295笔,北京
