　Surviving  Paradise: A Family  Tale,magnet:?xt=urn:btih:6540f0ce8467b56e2f4e19a21fefb57d793117c7&amp;dn=%e9%98%b3%e5%85%89%e7%94%b5%e5%bd%b1www.ygdy8.com.%e5%b9%b8%e5%ad%98%e7%9a%84%e5%a4%a9%e5%a0%82.2022.BD.1080P.%e4%b8%ad%e8%8b%b1%e5%8f%8c%e5%ad%97.mkv&amp;tr=udp%3a%2f%2ftracker.opentrackr.org%3a1337%2fannounce&amp;tr=udp%3a%2f%2fexodus.desync.com%3a6969%2fannounce
　CUBE 一度入ったら、最後 /  CUBE,magnet:?xt=urn:btih:63fd7ce8af037ff2d0ae65d4d53fffce55adb9e9&amp;dn=%e9%98%b3%e5%85%89%e7%94%b5%e5%bd%b1www.ygdy8.com.%e5%bf%83%e6%85%8c%e6%96%b9.2021.BD.1080P.%e6%97%a5%e8%af%ad%e4%b8%ad%e5%ad%97.mkv&amp;tr=udp%3a%2f%2ftracker.opentrackr.org%3a1337%2fannounce&amp;tr=udp%3a%2f%2fexodus.desync.com%3a6969%2fannounce
　Redeeming  Love,magnet:?xt=urn:btih:6ba5f02ab1554ec2c76747ff1c040d3232738223&amp;dn=%e9%98%b3%e5%85%89%e7%94%b5%e5%bd%b1www.ygdy8.com.%e8%b0%81%e5%8f%af%e4%bb%a5%e8%bf%99%e6%a0%b7%e7%88%b1%e6%88%91.2022.BD.1080P.%e4%b8%ad%e8%8b%b1%e5%8f%8c%e5%ad%97.mkv&amp;tr=udp%3a%2f%2ftracker.opentrackr.org%3a1337%2fannounce&amp;tr=udp%3a%2f%2fexodus.desync.com%3a6969%2fannounce
　After  Yang,magnet:?xt=urn:btih:a70cadfcd587d4b128125b599b1183002fa718bc&amp;dn=%e9%98%b3%e5%85%89%e7%94%b5%e5%bd%b1www.ygdy8.com.%e6%9d%a8%e4%b9%8b%e5%90%8e.2021.BD.1080P.%e4%b8%ad%e8%8b%b1%e5%8f%8c%e5%ad%97.mkv&amp;tr=udp%3a%2f%2ftracker.opentrackr.org%3a1337%2fannounce&amp;tr=udp%3a%2f%2fexodus.desync.com%3a6969%2fannounce
　Petite  maman / Lille mamma,magnet:?xt=urn:btih:153331d979eb402d46960be3944d02f93f170c20&amp;dn=%e9%98%b3%e5%85%89%e7%94%b5%e5%bd%b1www.ygdy8.com.%e5%b0%8f%e5%a6%88%e5%a6%88.2021.BD.1080P.%e4%b8%ad%e8%8b%b1%e5%8f%8c%e5%ad%97.mkv&amp;tr=udp%3a%2f%2ftracker.opentrackr.org%3a1337%2fannounce&amp;tr=udp%3a%2f%2fexodus.desync.com%3a6969%2fannounce
　えんとつ町のプペル/Poupelle  of Chimney Town,magnet:?xt=urn:btih:1cc7f09c16a7302c0ec44c569440349a4a0da95f&amp;dn=%e9%98%b3%e5%85%89%e7%94%b5%e5%bd%b1www.ygdy8.com.%e7%83%9f%e5%9b%b1%e5%b0%8f%e9%95%87%e7%9a%84%e6%99%ae%e4%bd%a9%e5%b0%94.2020.BD.1080P.%e5%9b%bd%e6%97%a5%e5%8f%8c%e8%af%ad%e4%b8%ad%e5%ad%97.mkv&amp;tr=udp%3a%2f%2ftracker.opentrackr.org%3a1337%2fannounce&amp;tr=udp%3a%2f%2fexodus.desync.com%3a6969%2fannounce
　大话西游：至尊宝,magnet:?xt=urn:btih:ce8c545ee2b4ac4348b959b7a80ec3c17f786001&amp;dn=%e9%98%b3%e5%85%89%e7%94%b5%e5%bd%b1www.ygdy8.com.%e5%a4%a7%e8%af%9d%e8%a5%bf%e6%b8%b8%ef%bc%9a%e8%87%b3%e5%b0%8a%e5%ae%9d.2022.HD.4K.%e5%9b%bd%e8%af%ad%e4%b8%ad%e5%ad%97.mp4&amp;tr=udp%3a%2f%2ftracker.opentrackr.org%3a1337%2fannounce&amp;tr=udp%3a%2f%2fexodus.desync.com%3a6969%2fannounce
　亮剑：决战鬼哭谷,magnet:?xt=urn:btih:ed305ca42469bf03c7c03649089128dcc1e4c646&amp;dn=%e9%98%b3%e5%85%89%e7%94%b5%e5%bd%b1www.ygdy8.com.%e4%ba%ae%e5%89%91%ef%bc%9a%e5%86%b3%e6%88%98%e9%ac%bc%e5%93%ad%e8%b0%b7.2022.HD.1080P.%e5%9b%bd%e8%af%ad%e4%b8%ad%e5%ad%97.mp4&amp;tr=udp%3a%2f%2ftracker.opentrackr.org%3a1337%2fannounce&amp;tr=udp%3a%2f%2fexodus.desync.com%3a6969%2fannounce
　Fresh,magnet:?xt=urn:btih:2cb3239ec5fbfc14f9ba8c37daef6295fd569cd9&amp;dn=%e9%98%b3%e5%85%89%e7%94%b5%e5%bd%b1www.ygdy8.com.%e6%96%b0%e9%b2%9c.2022.BD.1080P.%e4%b8%ad%e8%8b%b1%e5%8f%8c%e5%ad%97.mkv&amp;tr=udp%3a%2f%2ftracker.opentrackr.org%3a1337%2fannounce&amp;tr=udp%3a%2f%2fexodus.desync.com%3a6969%2fannounce
　ルパンの娘,magnet:?xt=urn:btih:97137167fb40ebf0a068e05a7f0fa157861ef350&amp;dn=%e9%98%b3%e5%85%89%e7%94%b5%e5%bd%b1www.ygdy8.com.%e9%b2%81%e9%82%a6%e7%9a%84%e5%a5%b3%e5%84%bf.2021.BD.1080P.%e6%97%a5%e8%af%ad%e4%b8%ad%e5%ad%97.mkv&amp;tr=udp%3a%2f%2ftracker.opentrackr.org%3a1337%2fannounce&amp;tr=udp%3a%2f%2fexodus.desync.com%3a6969%2fannounce
　West  Side Story,magnet:?xt=urn:btih:b0ab691d2be3126e77d93e72e0ee495ea0378740&amp;dn=%e9%98%b3%e5%85%89%e7%94%b5%e5%bd%b1www.ygdy8.com.%e8%a5%bf%e5%8c%ba%e6%95%85%e4%ba%8b.2021.BD.1080P.%e4%b8%ad%e8%8b%b1%e5%8f%8c%e5%ad%97.mkv&amp;tr=udp%3a%2f%2ftracker.opentrackr.org%3a1337%2fannounce&amp;tr=udp%3a%2f%2fexodus.desync.com%3a6969%2fannounce
　Blacklight,magnet:?xt=urn:btih:b063ddb2867c11ec78a69b6e2615a60ed79ae80e&amp;dn=%e9%98%b3%e5%85%89%e7%94%b5%e5%bd%b1www.ygdy8.com.%e9%bb%91%e9%87%91%e8%90%a5%e6%95%91.2022.BD.1080P.%e4%b8%ad%e8%8b%b1%e5%8f%8c%e5%ad%97.mkv&amp;tr=udp%3a%2f%2ftracker.opentrackr.org%3a1337%2fannounce&amp;tr=udp%3a%2f%2fexodus.desync.com%3a6969%2fannounce
　美女孩,magnet:?xt=urn:btih:6761290222c2b16673368c6c290cf5bbfe985e8f&amp;dn=%e9%98%b3%e5%85%89%e7%94%b5%e5%bd%b1www.ygdy8.com.%e7%be%8e%e5%9b%bd%e5%a5%b3%e5%ad%a9.2021.BD.1080P.%e5%9b%bd%e8%af%ad%e4%b8%ad%e5%ad%97.mkv&amp;tr=udp%3a%2f%2ftracker.opentrackr.org%3a1337%2fannounce&amp;tr=udp%3a%2f%2fexodus.desync.com%3a6969%2fannounce
　Coming  2 America/Coming to America  2,magnet:?xt=urn:btih:9421a8017908ac1580b2b57c0a3626eb03b0bc19&amp;dn=%e9%98%b3%e5%85%89%e7%94%b5%e5%bd%b1www.ygdy8.com.%e7%be%8e%e5%9b%bd%e4%b9%8b%e6%97%852.2022.BD.1080P.%e4%b8%ad%e8%8b%b1%e5%8f%8c%e5%ad%97.mkv&amp;tr=udp%3a%2f%2ftracker.opentrackr.org%3a1337%2fannounce&amp;tr=udp%3a%2f%2fexodus.desync.com%3a6969%2fannounce
　Agnes,magnet:?xt=urn:btih:1f1edd3eb4ec172cd173415089cfb5cab8e47b7f&amp;dn=%e9%98%b3%e5%85%89%e7%94%b5%e5%bd%b1www.ygdy8.com.%e9%98%bf%e6%a0%bc%e5%b0%bc%e6%96%af.2021.BD.1080P.%e4%b8%ad%e8%8b%b1%e5%8f%8c%e5%ad%97.mkv&amp;tr=udp%3a%2f%2ftracker.opentrackr.org%3a1337%2fannounce&amp;tr=udp%3a%2f%2fexodus.desync.com%3a6969%2fannounce
　Gasoline  Alley,magnet:?xt=urn:btih:f07c3ad0831e0350d48de09181c565ab92a37fad&amp;dn=%e9%98%b3%e5%85%89%e7%94%b5%e5%bd%b1www.ygdy8.com.%e7%bb%88%e6%9e%81%e6%ad%bb%e8%b7%af.2022.BD.1080P.%e4%b8%ad%e8%8b%b1%e5%8f%8c%e5%ad%97.mkv&amp;tr=udp%3a%2f%2ftracker.opentrackr.org%3a1337%2fannounce&amp;tr=udp%3a%2f%2fexodus.desync.com%3a6969%2fannounce
　Лётчик/Letchik/The  Pilot. A Battle for  Survival,magnet:?xt=urn:btih:21fad271388d4127cf64aedaaa12a20392e2635f&amp;dn=%e9%98%b3%e5%85%89%e7%94%b5%e5%bd%b1www.ygdy8.com.%e9%a3%9e%e8%a1%8c%e5%91%98.2021.BD.1080P.%e4%b8%ad%e8%8b%b1%e5%8f%8c%e5%ad%97.mkv&amp;tr=udp%3a%2f%2ftracker.opentrackr.org%3a1337%2fannounce&amp;tr=udp%3a%2f%2fexodus.desync.com%3a6969%2fannounce
　t理の夫/The  First  Gentleman,magnet:?xt=urn:btih:92a39c94a348243b03c38b80f820df90740a9ef6&amp;dn=%e9%98%b3%e5%85%89%e7%94%b5%e5%bd%b1www.ygdy8.com.%e6%80%bb%e7%90%86%e7%9a%84%e4%b8%88%e5%a4%ab.2021.BD.1080P.%e6%97%a5%e8%af%ad%e4%b8%ad%e5%ad%97.mkv&amp;tr=udp%3a%2f%2ftracker.opentrackr.org%3a1337%2fannounce&amp;tr=udp%3a%2f%2fexodus.desync.com%3a6969%2fannounce
　君は永hにそいつらより若い/Eternally  Younger Than Those  Idiots/きみはえいえんにそいつらよりわかい,magnet:?xt=urn:btih:81d1ab191bdc84cac2e124fe65c68095442eb102&amp;dn=%e9%98%b3%e5%85%89%e7%94%b5%e5%bd%b1www.ygdy8.com.%e4%bd%a0%e6%b0%b8%e8%bf%9c%e6%af%94%e9%82%a3%e4%ba%9b%e5%ae%b6%e4%bc%99%e5%b9%b4%e8%bd%bb.2021.BD.1080P.%e6%97%a5%e8%af%ad%e4%b8%ad%e5%ad%97.mkv&amp;tr=udp%3a%2f%2ftracker.opentrackr.org%3a1337%2fannounce&amp;tr=udp%3a%2f%2fexodus.desync.com%3a6969%2fannounce
　Nordsj&oslash;en/The  North  Sea,magnet:?xt=urn:btih:48ed7d334c4bb847ad03a42c8ba1f889b78f68dc&amp;dn=%e9%98%b3%e5%85%89%e7%94%b5%e5%bd%b1www.ygdy8.com.%e5%8c%97%e6%b5%b7%e6%b5%a9%e5%8a%ab.2021.BD.1080P.%e4%b8%ad%e8%8b%b1%e5%8f%8c%e5%ad%97.mkv&amp;tr=udp%3a%2f%2ftracker.opentrackr.org%3a1337%2fannounce&amp;tr=udp%3a%2f%2fexodus.desync.com%3a6969%2fannounce
　The  Pirates: Goblin  Flag,magnet:?xt=urn:btih:0faee6aa09b386930b3d3fed118a5b3497059968&amp;dn=%e9%98%b3%e5%85%89%e7%94%b5%e5%bd%b1www.ygdy8.com.%e6%b5%b7%e7%9b%972%ef%bc%9a%e9%ac%bc%e6%80%aa%e7%9a%84%e6%97%97%e5%b8%9c.2022.BD.1080P.%e9%9f%a9%e8%af%ad%e4%b8%ad%e5%ad%97.mkv&amp;tr=udp%3a%2f%2ftracker.opentrackr.org%3a1337%2fannounce&amp;tr=udp%3a%2f%2fexodus.desync.com%3a6969%2fannounce
　Against  the Ice,magnet:?xt=urn:btih:4a6c9bc959f62376c4228ddfb4c3b6c2f7b1bfd8&amp;dn=%e9%98%b3%e5%85%89%e7%94%b5%e5%bd%b1www.ygdy8.com.%e9%80%86%e5%86%b0%e4%b9%8b%e8%a1%8c.2022.BD.1080P.%e4%b8%ad%e8%8b%b1%e5%8f%8c%e5%ad%97.mkv&amp;tr=udp%3a%2f%2ftracker.opentrackr.org%3a1337%2fannounce&amp;tr=udp%3a%2f%2fexodus.desync.com%3a6969%2fannounce
　Journal  for Jordan/A Journal For  Jordan,magnet:?xt=urn:btih:2b4b11fcc29168d5ef01285565c6cc3cacb04b74&amp;dn=%e9%98%b3%e5%85%89%e7%94%b5%e5%bd%b1www.ygdy8.com.%e6%8c%9a%e7%88%b1%e5%ae%b6%e4%b9%a6.2021.BD.1080P.%e4%b8%ad%e8%8b%b1%e5%8f%8c%e5%ad%97.mkv&amp;tr=udp%3a%2f%2ftracker.opentrackr.org%3a1337%2fannounce&amp;tr=udp%3a%2f%2fexodus.desync.com%3a6969%2fannounce
　Ted  K,magnet:?xt=urn:btih:50409d2b9b0b8df46f6b9bf215bcdb4040388d13&amp;dn=%e9%98%b3%e5%85%89%e7%94%b5%e5%bd%b1www.ygdy8.com.%e5%a4%a7%e5%ad%a6%e8%88%aa%e7%a9%ba%e7%82%b8%e5%bc%b9%e5%ae%a2.2022.BD.1080P.%e4%b8%ad%e8%8b%b1%e5%8f%8c%e5%ad%97.mkv&amp;tr=udp%3a%2f%2ftracker.opentrackr.org%3a1337%2fannounce&amp;tr=udp%3a%2f%2fexodus.desync.com%3a6969%2fannounce
　Madres  paralelas / Parallel  Mothers,magnet:?xt=urn:btih:b4bf3f0114059ff049da5958bedc55a65934530d&amp;dn=%e9%98%b3%e5%85%89%e7%94%b5%e5%bd%b1www.ygdy8.com.%e5%b9%b3%e8%a1%8c%e6%af%8d%e4%ba%b2.2021.BD.1080P.%e8%a5%bf%e7%8f%ad%e7%89%99%e8%af%ad%e4%b8%ad%e5%ad%97.mkv&amp;tr=udp%3a%2f%2ftracker.opentrackr.org%3a1337%2fannounce&amp;tr=udp%3a%2f%2fexodus.desync.com%3a6969%2fannounce
　The  Matrix  Resurrections,magnet:?xt=urn:btih:78a8936e43df7fb168d2ad5827e3b07b67feea5b&amp;dn=%e9%98%b3%e5%85%89%e7%94%b5%e5%bd%b1www.ygdy8.com.%e9%bb%91%e5%ae%a2%e5%b8%9d%e5%9b%bd%ef%bc%9a%e7%9f%a9%e9%98%b5%e9%87%8d%e5%90%af.2021.BD.1080P.%e5%9b%bd%e8%8b%b1%e5%8f%8c%e8%af%ad%e4%b8%ad%e5%ad%97.mkv&amp;tr=udp%3a%2f%2ftracker.opentrackr.org%3a1337%2fannounce&amp;tr=udp%3a%2f%2fexodus.desync.com%3a6969%2fannounce
　你好，老叔,magnet:?xt=urn:btih:0eea52acaa649b17004a2f52fb4173b34d8f419c&amp;dn=%e9%98%b3%e5%85%89%e7%94%b5%e5%bd%b1www.ygdy8.com.%e4%bd%a0%e5%a5%bd%ef%bc%8c%e8%80%81%e5%8f%94.2022.HD.4K.%e5%9b%bd%e8%af%ad%e4%b8%ad%e5%ad%97.mp4&amp;tr=udp%3a%2f%2ftracker.opentrackr.org%3a1337%2fannounce&amp;tr=udp%3a%2f%2fexodus.desync.com%3a6969%2fannounce
　Desperate  Riders,magnet:?xt=urn:btih:b76d51518a591a2f88b4ee9c463ec35e614b2963&amp;dn=%e9%98%b3%e5%85%89%e7%94%b5%e5%bd%b1www.ygdy8.com.%e7%bb%9d%e6%9c%9b%e7%9a%84%e7%89%9b%e4%bb%94.2022.BD.1080P.%e4%b8%ad%e8%8b%b1%e5%8f%8c%e5%ad%97.mkv&amp;tr=udp%3a%2f%2ftracker.opentrackr.org%3a1337%2fannounce&amp;tr=udp%3a%2f%2fexodus.desync.com%3a6969%2fannounce
　Found,magnet:?xt=urn:btih:e2f20c76bfa11d46f81a6d6b04b283c263aecca0&amp;dn=%e9%98%b3%e5%85%89%e7%94%b5%e5%bd%b1www.ygdy8.com.%e6%89%be%e5%af%bb.2021.BD.1080P.%e4%b8%ad%e8%8b%b1%e5%8f%8c%e5%ad%97.mkv&amp;tr=udp%3a%2f%2ftracker.opentrackr.org%3a1337%2fannounce&amp;tr=udp%3a%2f%2fexodus.desync.com%3a6969%2fannounce
　&Agrave;  tombeau  ouvert/Restless,magnet:?xt=urn:btih:a30fd8cd0e0b7dd3770ceaadbe42f7d7b1353f4f&amp;dn=%e9%98%b3%e5%85%89%e7%94%b5%e5%bd%b1www.ygdy8.com.%e6%98%bc%e5%a4%9c%e4%b8%8d%e5%81%9c.2022.BD.1080P.%e6%b3%95%e8%af%ad%e4%b8%ad%e5%ad%97.mkv&amp;tr=udp%3a%2f%2ftracker.opentrackr.org%3a1337%2fannounce&amp;tr=udp%3a%2f%2fexodus.desync.com%3a6969%2fannounce
　Paranormal  Activity: Next of Kin,magnet:?xt=urn:btih:e9a791471bed59d2d1d19e7ccc6e5169a926da53&amp;dn=%e9%98%b3%e5%85%89%e7%94%b5%e5%bd%b1www.ygdy8.com.%e9%ac%bc%e5%bd%b1%e5%ae%9e%e5%bd%95%ef%bc%9a%e8%a1%80%e4%ba%b2.2021.BD.1080P.%e4%b8%ad%e8%8b%b1%e5%8f%8c%e5%ad%97.mkv&amp;tr=udp%3a%2f%2ftracker.opentrackr.org%3a1337%2fannounce&amp;tr=udp%3a%2f%2fexodus.desync.com%3a6969%2fannounce
　PURSUIT,magnet:?xt=urn:btih:f39dd0813011824db34f73421ce0f55162d4ed46&amp;dn=%e9%98%b3%e5%85%89%e7%94%b5%e5%bd%b1www.ygdy8.com.%e5%a4%ba%e5%91%bd%e8%bf%bd%e6%8d%95.2022.BD.1080P.%e4%b8%ad%e8%8b%b1%e5%8f%8c%e5%ad%97.mkv&amp;tr=udp%3a%2f%2ftracker.opentrackr.org%3a1337%2fannounce&amp;tr=udp%3a%2f%2fexodus.desync.com%3a6969%2fannounce
　No  Exit,magnet:?xt=urn:btih:5099b51565225c85d82cc932d3ffb1cb06b0e022&amp;dn=%e9%98%b3%e5%85%89%e7%94%b5%e5%bd%b1www.ygdy8.com.%e6%9a%82%e6%97%a0%e5%87%ba%e5%8f%a3.2022.BD.1080P.%e4%b8%ad%e8%8b%b1%e5%8f%8c%e5%ad%97.mkv&amp;tr=udp%3a%2f%2ftracker.opentrackr.org%3a1337%2fannounce&amp;tr=udp%3a%2f%2fexodus.desync.com%3a6969%2fannounce
　一江春水,magnet:?xt=urn:btih:7899e8ba481c99b5a6c3b7881a6d7d2e42a2de13&amp;dn=%e9%98%b3%e5%85%89%e7%94%b5%e5%bd%b1www.ygdy8.com.%e4%b8%80%e6%b1%9f%e6%98%a5%e6%b0%b4.2020.HD.4K.%e5%9b%bd%e8%af%ad%e4%b8%ad%e8%8b%b1%e5%8f%8c%e5%ad%97.mkv&amp;tr=udp%3a%2f%2ftracker.opentrackr.org%3a1337%2fannounce&amp;tr=udp%3a%2f%2fexodus.desync.com%3a6969%2fannounce
　二次人生,magnet:?xt=urn:btih:c0890dc4e17fd002e032be55c0df7416e21c8413&amp;dn=%e9%98%b3%e5%85%89%e7%94%b5%e5%bd%b1www.ygdy8.com.%e4%ba%8c%e6%ac%a1%e4%ba%ba%e7%94%9f.2019.BD.1080P.%e7%b2%a4%e8%af%ad%e4%b8%ad%e5%ad%97.mkv&amp;tr=udp%3a%2f%2ftracker.opentrackr.org%3a1337%2fannounce&amp;tr=udp%3a%2f%2fexodus.desync.com%3a6969%2fannounce
　GL暴,magnet:?xt=urn:btih:fee780369a1cbb1995497c0e7277bd5d78e927ca&amp;dn=%e9%98%b3%e5%85%89%e7%94%b5%e5%bd%b1www.ygdy8.com.%e5%8f%8d%e8%b4%aa%e9%a3%8e%e6%9a%b45%ef%bc%9a%e6%9c%80%e7%bb%88%e7%ab%a0.2021.HD.4K.%e5%9b%bd%e7%b2%a4%e5%8f%8c%e8%af%ad%e4%b8%ad%e5%ad%97.mkv&amp;tr=udp%3a%2f%2ftracker.opentrackr.org%3a1337%2fannounce&amp;tr=udp%3a%2f%2fexodus.desync.com%3a6969%2fannounce
　地底怪物/怪物,magnet:?xt=urn:btih:89a05abf5430823baa3e5fb1eb6d4dd3babcec77&amp;dn=%e9%98%b3%e5%85%89%e7%94%b5%e5%bd%b1www.ygdy8.com.%e5%9c%b0%e5%ba%95%e6%80%aa%e7%89%a9.2022.HD.1080P.%e5%9b%bd%e8%af%ad%e4%b8%ad%e5%ad%97.mp4&amp;tr=udp%3a%2f%2ftracker.opentrackr.org%3a1337%2fannounce&amp;tr=udp%3a%2f%2fexodus.desync.com%3a6969%2fannounce
　Eiffel,magnet:?xt=urn:btih:7698880e435ffe1ac9931076c0cabcf44dc78b48&amp;dn=%e9%98%b3%e5%85%89%e7%94%b5%e5%bd%b1www.ygdy8.com.%e5%9f%83%e8%8f%b2%e5%b0%94%e9%93%81%e5%a1%94.2021.BD.1080P.%e4%b8%ad%e8%8b%b1%e5%8f%8c%e5%ad%97.mkv&amp;tr=udp%3a%2f%2ftracker.opentrackr.org%3a1337%2fannounce&amp;tr=udp%3a%2f%2fexodus.desync.com%3a6969%2fannounce
　Special  Delivery,magnet:?xt=urn:btih:bba1410335558e16243602986217baac15525874&amp;dn=%e9%98%b3%e5%85%89%e7%94%b5%e5%bd%b1www.ygdy8.com.%e7%89%b9%e9%80%81.2022.BD.1080P.%e9%9f%a9%e8%af%ad%e4%b8%ad%e5%ad%97.mkv&amp;tr=udp%3a%2f%2ftracker.opentrackr.org%3a1337%2fannounce&amp;tr=udp%3a%2f%2fexodus.desync.com%3a6969%2fannounce
